condition,total,train,val,test,nine_label,three_label,rwanda_priority,decision
pityriasis rubra pilaris,127,76,25,26,inflammatory,non-neoplastic,NO,INDEPENDENT
lichen planus,116,70,23,23,inflammatory,non-neoplastic,NO,INDEPENDENT
lupus erythematosus,89,53,18,18,inflammatory,non-neoplastic,NO,INDEPENDENT
psoriasis,85,51,17,17,inflammatory,non-neoplastic,NO,INDEPENDENT
scabies,73,44,15,14,inflammatory,non-neoplastic,YES,EVALUATE
vitiligo,60,36,12,12,inflammatory,non-neoplastic,NO,GROUP/DROP
sarcoidosis,50,30,10,10,inflammatory,non-neoplastic,NO,GROUP
neutrophilic dermatoses,46,28,9,9,inflammatory,non-neoplastic,NO,GROUP
scleroderma,45,27,9,9,inflammatory,non-neoplastic,NO,GROUP
nematode infection,44,26,9,9,inflammatory,non-neoplastic,NO,GROUP
keloid,44,26,9,9,inflammatory,non-neoplastic,YES,GROUP
papilomatosis confluentes and reticulate,42,25,8,9,inflammatory,non-neoplastic,NO,GROUP
folliculitis,40,24,8,8,inflammatory,non-neoplastic,YES,GROUP
lichen amyloidosis,31,19,6,6,inflammatory,non-neoplastic,NO,GROUP/DROP
acanthosis nigricans,28,17,6,5,inflammatory,non-neoplastic,NO,GROUP/DROP
pityriasis rosea,28,17,6,5,inflammatory,non-neoplastic,NO,GROUP/DROP
fixed eruptions,26,16,5,5,inflammatory,non-neoplastic,NO,GROUP/DROP
factitial dermatitis,25,15,5,5,inflammatory,non-neoplastic,NO,GROUP/DROP
drug eruption,23,14,5,4,inflammatory,non-neoplastic,NO,GROUP/DROP
erythema multiforme,23,14,5,4,inflammatory,non-neoplastic,NO,GROUP/DROP
allergic contact dermatitis,24,14,5,5,inflammatory,non-neoplastic,NO,GROUP/DROP
eczema,24,14,5,5,inflammatory,non-neoplastic,NO,GROUP/DROP
acne vulgaris,22,13,4,5,inflammatory,non-neoplastic,NO,GROUP/DROP
granuloma annulare,21,13,4,4,inflammatory,non-neoplastic,NO,GROUP/DROP
photodermatoses,20,12,4,4,inflammatory,non-neoplastic,NO,GROUP/DROP
tungiasis,19,11,4,4,inflammatory,non-neoplastic,NO,GROUP/DROP
lichen simplex,19,11,4,4,inflammatory,non-neoplastic,NO,GROUP/DROP
scleromyxedema,18,11,4,3,inflammatory,non-neoplastic,NO,GROUP/DROP
acne,18,11,4,3,inflammatory,non-neoplastic,NO,GROUP/DROP
dermatomyositis,17,10,3,4,inflammatory,non-neoplastic,NO,GROUP/DROP
necrobiosis lipoidica,17,10,3,4,inflammatory,non-neoplastic,NO,GROUP/DROP
porphyria,15,9,3,3,inflammatory,non-neoplastic,NO,GROUP/DROP
erythema elevatum diutinum,13,8,3,2,inflammatory,non-neoplastic,NO,GROUP/DROP
stasis edema,13,8,3,2,inflammatory,non-neoplastic,NO,GROUP/DROP
drug induced pigmentary changes,11,7,2,2,inflammatory,non-neoplastic,NO,GROUP/DROP
mucinosis,11,7,2,2,inflammatory,non-neoplastic,NO,GROUP/DROP
lupus subacute,12,7,2,3,inflammatory,non-neoplastic,NO,GROUP/DROP
urticaria pigmentosa,11,7,2,2,inflammatory,non-neoplastic,NO,GROUP/DROP
behcets disease,10,6,2,2,inflammatory,non-neoplastic,NO,GROUP/DROP
calcinosis cutis,10,6,2,2,inflammatory,non-neoplastic,NO,GROUP/DROP
hidradenitis,9,5,2,2,inflammatory,non-neoplastic,NO,GROUP/DROP
juvenile xanthogranuloma,9,5,2,2,inflammatory,non-neoplastic,NO,GROUP/DROP
dyshidrotic eczema,8,5,2,1,inflammatory,non-neoplastic,NO,GROUP/DROP
striae,8,5,2,1,inflammatory,non-neoplastic,NO,GROUP/DROP
seborrheic dermatitis,8,5,2,1,inflammatory,non-neoplastic,NO,GROUP/DROP
xanthomas,7,4,1,2,inflammatory,non-neoplastic,NO,GROUP/DROP
cheilitis,7,4,1,2,inflammatory,non-neoplastic,NO,GROUP/DROP
sun damaged skin,6,4,1,1,inflammatory,non-neoplastic,NO,GROUP/DROP
myiasis,6,4,1,1,inflammatory,non-neoplastic,NO,GROUP/DROP
pustular psoriasis,6,4,1,1,inflammatory,non-neoplastic,NO,GROUP/DROP
pityriasis lichenoides chronica,5,3,1,1,inflammatory,non-neoplastic,NO,GROUP/DROP
keratosis pilaris,5,3,1,1,inflammatory,non-neoplastic,NO,GROUP/DROP
neurodermatitis,5,3,1,1,inflammatory,non-neoplastic,NO,GROUP/DROP
lyme disease,5,3,1,1,inflammatory,non-neoplastic,NO,GROUP/DROP
stevens johnson syndrome,5,3,1,1,inflammatory,non-neoplastic,NO,GROUP/DROP
erythema nodosum,4,2,1,1,inflammatory,non-neoplastic,NO,GROUP/DROP
langerhans cell histiocytosis,4,2,1,1,inflammatory,non-neoplastic,NO,GROUP/DROP
paronychia,3,2,1,0,inflammatory,non-neoplastic,NO,GROUP/DROP
tick bite,3,2,1,0,inflammatory,non-neoplastic,NO,GROUP/DROP
neurotic excoriations,3,2,1,0,inflammatory,non-neoplastic,NO,GROUP/DROP
rhinophyma,3,2,1,0,inflammatory,non-neoplastic,NO,GROUP/DROP
erythema annulare centrifigum,2,1,0,1,inflammatory,non-neoplastic,NO,GROUP/DROP
urticaria,2,1,0,1,inflammatory,non-neoplastic,NO,GROUP/DROP
acquired autoimmune bullous diseaseherpes gestationis,2,1,0,1,inflammatory,non-neoplastic,NO,GROUP/DROP
livedo reticularis,2,1,0,1,inflammatory,non-neoplastic,NO,GROUP/DROP
pediculosis lids,2,1,0,1,inflammatory,non-neoplastic,NO,GROUP/DROP
aplasia cutis,2,1,0,1,inflammatory,non-neoplastic,NO,GROUP/DROP
perioral dermatitis,1,1,0,0,inflammatory,non-neoplastic,NO,GROUP/DROP
